Team_id,Team_name,Conference,Color,Alt_color,Logo
2005,Air Force,Mountain West,#004a7b,#ffffff,"['http://a.espncdn.com/i/teamlogos/ncaa/500/2005.png', 'http://a.espncdn.com/i/teamlogos/ncaa/500-dark/2005.png']"
2006,Akron,Mid-American,#00285e,#84754e,"['http://a.espncdn.com/i/teamlogos/ncaa/500/2006.png', 'http://a.espncdn.com/i/teamlogos/ncaa/500-dark/2006.png']"
333,Alabama,SEC,#9e1632,#ffffff,"['http://a.espncdn.com/i/teamlogos/ncaa/500/333.png', 'http://a.espncdn.com/i/teamlogos/ncaa/500-dark/333.png']"
2026,App State,Sun Belt,#ffcc00,#222222,"['http://a.espncdn.com/i/teamlogos/ncaa/500/2026.png', 'http://a.espncdn.com/i/teamlogos/ncaa/500-dark/2026.png']"
12,Arizona,Big 12,#0c234b,#ab0520,"['http://a.espncdn.com/i/teamlogos/ncaa/500/12.png', 'http://a.espncdn.com/i/teamlogos/ncaa/500-dark/12.png']"
9,Arizona State,Big 12,#8e0c3a,#ffc72c,"['http://a.espncdn.com/i/teamlogos/ncaa/500/9.png', 'http://a.espncdn.com/i/teamlogos/ncaa/500-dark/9.png']"
8,Arkansas,SEC,#a41f35,#ffffff,"['http://a.espncdn.com/i/teamlogos/ncaa/500/8.png', 'http://a.espncdn.com/i/teamlogos/ncaa/500-dark/8.png']"
2032,Arkansas State,Sun Belt,#e81018,#000000,"['http://a.espncdn.com/i/teamlogos/ncaa/500/2032.png', 'http://a.espncdn.com/i/teamlogos/ncaa/500-dark/2032.png']"
349,Army,American Athletic,#ce9c00,#231f20,"['http://a.espncdn.com/i/teamlogos/ncaa/500/349.png', 'http://a.espncdn.com/i/teamlogos/ncaa/500-dark/349.png']"
2,Auburn,SEC,#002b5c,#f26522,"['http://a.espncdn.com/i/teamlogos/ncaa/500/2.png', 'http://a.espncdn.com/i/teamlogos/ncaa/500-dark/2.png']"
2050,Ball State,Mid-American,#DA0000,#ffffff,"['http://a.espncdn.com/i/teamlogos/ncaa/500/2050.png', 'http://a.espncdn.com/i/teamlogos/ncaa/500-dark/2050.png']"
239,Baylor,Big 12,#154734,#ffb81c,"['http://a.espncdn.com/i/teamlogos/ncaa/500/239.png', 'http://a.espncdn.com/i/teamlogos/ncaa/500-dark/239.png']"
68,Boise State,Mountain West,#0033a0,#fa4616,"['http://a.espncdn.com/i/teamlogos/ncaa/500/68.png', 'http://a.espncdn.com/i/teamlogos/ncaa/500-dark/68.png']"
103,Boston College,ACC,#8c2232,#dbcca6,"['http://a.espncdn.com/i/teamlogos/ncaa/500/103.png', 'http://a.espncdn.com/i/teamlogos/ncaa/500-dark/103.png']"
189,Bowling Green,Mid-American,#2b1000,#492000,"['http://a.espncdn.com/i/teamlogos/ncaa/500/189.png', 'http://a.espncdn.com/i/teamlogos/ncaa/500-dark/189.png']"
2084,Buffalo,Mid-American,#041A9B,#ebebeb,"['http://a.espncdn.com/i/teamlogos/ncaa/500/2084.png', 'http://a.espncdn.com/i/teamlogos/ncaa/500-dark/2084.png']"
252,BYU,Big 12,#003da5,#ffffff,"['http://a.espncdn.com/i/teamlogos/ncaa/500/252.png', 'http://a.espncdn.com/i/teamlogos/ncaa/500-dark/252.png']"
25,California,ACC,#031522,#ffc423,"['http://a.espncdn.com/i/teamlogos/ncaa/500/25.png', 'http://a.espncdn.com/i/teamlogos/ncaa/500-dark/25.png']"
2117,Central Michigan,Mid-American,#6a0032,#ffc82e,"['http://a.espncdn.com/i/teamlogos/ncaa/500/2117.png', 'http://a.espncdn.com/i/teamlogos/ncaa/500-dark/2117.png']"
2429,Charlotte,American Athletic,#046A38,#B9975B,"['http://a.espncdn.com/i/teamlogos/ncaa/500/2429.png', 'http://a.espncdn.com/i/teamlogos/ncaa/500-dark/2429.png']"
2132,Cincinnati,Big 12,#E00122,#000000,"['http://a.espncdn.com/i/teamlogos/ncaa/500/2132.png', 'http://a.espncdn.com/i/teamlogos/ncaa/500-dark/2132.png']"
228,Clemson,ACC,#f56600,#522d80,"['http://a.espncdn.com/i/teamlogos/ncaa/500/228.png', 'http://a.espncdn.com/i/teamlogos/ncaa/500-dark/228.png']"
324,Coastal Carolina,Sun Belt,#007073,#876447,"['http://a.espncdn.com/i/teamlogos/ncaa/500/324.png', 'http://a.espncdn.com/i/teamlogos/ncaa/500-dark/324.png']"
38,Colorado,Big 12,#CFB87C,#000000,"['http://a.espncdn.com/i/teamlogos/ncaa/500/38.png', 'http://a.espncdn.com/i/teamlogos/ncaa/500-dark/38.png']"
36,Colorado State,Mountain West,#1e4d2b,#c8c372,"['http://a.espncdn.com/i/teamlogos/ncaa/500/36.png', 'http://a.espncdn.com/i/teamlogos/ncaa/500-dark/36.png']"
150,Duke,ACC,#013088,#ffffff,"['http://a.espncdn.com/i/teamlogos/ncaa/500/150.png', 'http://a.espncdn.com/i/teamlogos/ncaa/500-dark/150.png']"
151,East Carolina,American Athletic,#4b1869,#f0907b,"['http://a.espncdn.com/i/teamlogos/ncaa/500/151.png', 'http://a.espncdn.com/i/teamlogos/ncaa/500-dark/151.png']"
2199,Eastern Michigan,Mid-American,#00331b,#f0f0f0,"['http://a.espncdn.com/i/teamlogos/ncaa/500/2199.png', 'http://a.espncdn.com/i/teamlogos/ncaa/500-dark/2199.png']"
57,Florida,SEC,#0021a5,#fa4616,"['http://a.espncdn.com/i/teamlogos/ncaa/500/57.png', 'http://a.espncdn.com/i/teamlogos/ncaa/500-dark/57.png']"
2226,Florida Atlantic,American Athletic,#00447c,#d31245,"['http://a.espncdn.com/i/teamlogos/ncaa/500/2226.png', 'http://a.espncdn.com/i/teamlogos/ncaa/500-dark/2226.png']"
2229,Florida International,Conference USA,#001538,#c5960c,"['http://a.espncdn.com/i/teamlogos/ncaa/500/2229.png', 'http://a.espncdn.com/i/teamlogos/ncaa/500-dark/2229.png']"
52,Florida State,ACC,#782f40,#ceb888,"['http://a.espncdn.com/i/teamlogos/ncaa/500/52.png', 'http://a.espncdn.com/i/teamlogos/ncaa/500-dark/52.png']"
278,Fresno State,Mountain West,#db0032,#002e6d,"['http://a.espncdn.com/i/teamlogos/ncaa/500/278.png', 'http://a.espncdn.com/i/teamlogos/ncaa/500-dark/278.png']"
61,Georgia,SEC,#ba0c2f,#ffffff,"['http://a.espncdn.com/i/teamlogos/ncaa/500/61.png', 'http://a.espncdn.com/i/teamlogos/ncaa/500-dark/61.png']"
290,Georgia Southern,Sun Belt,#003775,#f0f0f0,"['http://a.espncdn.com/i/teamlogos/ncaa/500/290.png', 'http://a.espncdn.com/i/teamlogos/ncaa/500-dark/290.png']"
2247,Georgia State,Sun Belt,#1e539a,#ebebeb,"['http://a.espncdn.com/i/teamlogos/ncaa/500/2247.png', 'http://a.espncdn.com/i/teamlogos/ncaa/500-dark/2247.png']"
59,Georgia Tech,ACC,#003057,#b3a369,"['http://a.espncdn.com/i/teamlogos/ncaa/500/59.png', 'http://a.espncdn.com/i/teamlogos/ncaa/500-dark/59.png']"
62,Hawai'i,Mountain West,#003420,#ffffff,"['http://a.espncdn.com/i/teamlogos/ncaa/500/62.png', 'http://a.espncdn.com/i/teamlogos/ncaa/500-dark/62.png']"
248,Houston,Big 12,#c92a39,#ffffff,"['http://a.espncdn.com/i/teamlogos/ncaa/500/248.png', 'http://a.espncdn.com/i/teamlogos/ncaa/500-dark/248.png']"
356,Illinois,Big Ten,#ff5f05,#13294b,"['http://a.espncdn.com/i/teamlogos/ncaa/500/356.png', 'http://a.espncdn.com/i/teamlogos/ncaa/500-dark/356.png']"
84,Indiana,Big Ten,#990000,#edebeb,"['http://a.espncdn.com/i/teamlogos/ncaa/500/84.png', 'http://a.espncdn.com/i/teamlogos/ncaa/500-dark/84.png']"
2294,Iowa,Big Ten,#000000,#FFCD00,"['http://a.espncdn.com/i/teamlogos/ncaa/500/2294.png', 'http://a.espncdn.com/i/teamlogos/ncaa/500-dark/2294.png']"
66,Iowa State,Big 12,#822433,#fdca2f,"['http://a.espncdn.com/i/teamlogos/ncaa/500/66.png', 'http://a.espncdn.com/i/teamlogos/ncaa/500-dark/66.png']"
55,Jacksonville State,Conference USA,#b50500,#b5b7ba,"['http://a.espncdn.com/i/teamlogos/ncaa/500/55.png', 'http://a.espncdn.com/i/teamlogos/ncaa/500-dark/55.png']"
256,James Madison,Sun Belt,#450084,#b5a068,"['http://a.espncdn.com/i/teamlogos/ncaa/500/256.png', 'http://a.espncdn.com/i/teamlogos/ncaa/500-dark/256.png']"
2305,Kansas,Big 12,#0051ba,#e8000d,"['http://a.espncdn.com/i/teamlogos/ncaa/500/2305.png', 'http://a.espncdn.com/i/teamlogos/ncaa/500-dark/2305.png']"
2306,Kansas State,Big 12,#3c0969,#e2e3e4,"['http://a.espncdn.com/i/teamlogos/ncaa/500/2306.png', 'http://a.espncdn.com/i/teamlogos/ncaa/500-dark/2306.png']"
338,Kennesaw State,Conference USA,#fdbb30,#000000,"['http://a.espncdn.com/i/teamlogos/ncaa/500/338.png', 'http://a.espncdn.com/i/teamlogos/ncaa/500-dark/338.png']"
2309,Kent State,Mid-American,#003976,#efab00,"['http://a.espncdn.com/i/teamlogos/ncaa/500/2309.png', 'http://a.espncdn.com/i/teamlogos/ncaa/500-dark/2309.png']"
96,Kentucky,SEC,#0033a0,#ffffff,"['http://a.espncdn.com/i/teamlogos/ncaa/500/96.png', 'http://a.espncdn.com/i/teamlogos/ncaa/500-dark/96.png']"
2335,Liberty,Conference USA,#071740,#a61f21,"['http://a.espncdn.com/i/teamlogos/ncaa/500/2335.png', 'http://a.espncdn.com/i/teamlogos/ncaa/500-dark/2335.png']"
309,Louisiana,Sun Belt,#ce181e,#ffffff,"['http://a.espncdn.com/i/teamlogos/ncaa/500/309.png', 'http://a.espncdn.com/i/teamlogos/ncaa/500-dark/309.png']"
2348,Louisiana Tech,Conference USA,#002d65,#d3313a,"['http://a.espncdn.com/i/teamlogos/ncaa/500/2348.png', 'http://a.espncdn.com/i/teamlogos/ncaa/500-dark/2348.png']"
97,Louisville,ACC,#c9001f,#000000,"['http://a.espncdn.com/i/teamlogos/ncaa/500/97.png', 'http://a.espncdn.com/i/teamlogos/ncaa/500-dark/97.png']"
99,LSU,SEC,#461d7c,#fdd023,"['http://a.espncdn.com/i/teamlogos/ncaa/500/99.png', 'http://a.espncdn.com/i/teamlogos/ncaa/500-dark/99.png']"
276,Marshall,Sun Belt,#00ae42,#be854c,"['http://a.espncdn.com/i/teamlogos/ncaa/500/276.png', 'http://a.espncdn.com/i/teamlogos/ncaa/500-dark/276.png']"
120,Maryland,Big Ten,#D5002B,#ffcd00,"['http://a.espncdn.com/i/teamlogos/ncaa/500/120.png', 'http://a.espncdn.com/i/teamlogos/ncaa/500-dark/120.png']"
113,Massachusetts,FBS Independents,#971B2F,#B1B3B3,"['http://a.espncdn.com/i/teamlogos/ncaa/500/113.png', 'http://a.espncdn.com/i/teamlogos/ncaa/500-dark/113.png']"
235,Memphis,American Athletic,#004991,#8e908f,"['http://a.espncdn.com/i/teamlogos/ncaa/500/235.png', 'http://a.espncdn.com/i/teamlogos/ncaa/500-dark/235.png']"
2390,Miami,ACC,#005030,#f47321,"['http://a.espncdn.com/i/teamlogos/ncaa/500/2390.png', 'http://a.espncdn.com/i/teamlogos/ncaa/500-dark/2390.png']"
193,Miami (OH),Mid-American,#a4000c,#f0f0f0,"['http://a.espncdn.com/i/teamlogos/ncaa/500/193.png', 'http://a.espncdn.com/i/teamlogos/ncaa/500-dark/193.png']"
130,Michigan,Big Ten,#00274c,#ffcb05,"['http://a.espncdn.com/i/teamlogos/ncaa/500/130.png', 'http://a.espncdn.com/i/teamlogos/ncaa/500-dark/130.png']"
127,Michigan State,Big Ten,#18453b,#ffffff,"['http://a.espncdn.com/i/teamlogos/ncaa/500/127.png', 'http://a.espncdn.com/i/teamlogos/ncaa/500-dark/127.png']"
2393,Middle Tennessee,Conference USA,#006db6,#ffffff,"['http://a.espncdn.com/i/teamlogos/ncaa/500/2393.png', 'http://a.espncdn.com/i/teamlogos/ncaa/500-dark/2393.png']"
135,Minnesota,Big Ten,#5e0a2f,#fab41c,"['http://a.espncdn.com/i/teamlogos/ncaa/500/135.png', 'http://a.espncdn.com/i/teamlogos/ncaa/500-dark/135.png']"
344,Mississippi State,SEC,#5d1725,#c1c6c8,"['http://a.espncdn.com/i/teamlogos/ncaa/500/344.png', 'http://a.espncdn.com/i/teamlogos/ncaa/500-dark/344.png']"
142,Missouri,SEC,#f1b82d,#000000,"['http://a.espncdn.com/i/teamlogos/ncaa/500/142.png', 'http://a.espncdn.com/i/teamlogos/ncaa/500-dark/142.png']"
2426,Navy,American Athletic,#00225b,#b5a67c,"['http://a.espncdn.com/i/teamlogos/ncaa/500/2426.png', 'http://a.espncdn.com/i/teamlogos/ncaa/500-dark/2426.png']"
152,NC State,ACC,#cc0000,#ffffff,"['http://a.espncdn.com/i/teamlogos/ncaa/500/152.png', 'http://a.espncdn.com/i/teamlogos/ncaa/500-dark/152.png']"
158,Nebraska,Big Ten,#d00000,#ffffff,"['http://a.espncdn.com/i/teamlogos/ncaa/500/158.png', 'http://a.espncdn.com/i/teamlogos/ncaa/500-dark/158.png']"
2440,Nevada,Mountain West,#002d62,#ffffff,"['http://a.espncdn.com/i/teamlogos/ncaa/500/2440.png', 'http://a.espncdn.com/i/teamlogos/ncaa/500-dark/2440.png']"
167,New Mexico,Mountain West,#BA0C2F,#a7a8aa,"['http://a.espncdn.com/i/teamlogos/ncaa/500/167.png', 'http://a.espncdn.com/i/teamlogos/ncaa/500-dark/167.png']"
166,New Mexico State,Conference USA,#891216,#000000,"['http://a.espncdn.com/i/teamlogos/ncaa/500/166.png', 'http://a.espncdn.com/i/teamlogos/ncaa/500-dark/166.png']"
153,North Carolina,ACC,#7bafd4,#13294b,"['http://a.espncdn.com/i/teamlogos/ncaa/500/153.png', 'http://a.espncdn.com/i/teamlogos/ncaa/500-dark/153.png']"
2459,Northern Illinois,Mid-American,#F1122C,#cc0000,"['http://a.espncdn.com/i/teamlogos/ncaa/500/2459.png', 'http://a.espncdn.com/i/teamlogos/ncaa/500-dark/2459.png']"
249,North Texas,American Athletic,#00853E,#000000,"['http://a.espncdn.com/i/teamlogos/ncaa/500/249.png', 'http://a.espncdn.com/i/teamlogos/ncaa/500-dark/249.png']"
77,Northwestern,Big Ten,#582c83,#ffffff,"['http://a.espncdn.com/i/teamlogos/ncaa/500/77.png', 'http://a.espncdn.com/i/teamlogos/ncaa/500-dark/77.png']"
87,Notre Dame,FBS Independents,#0c2340,#c99700,"['http://a.espncdn.com/i/teamlogos/ncaa/500/87.png', 'http://a.espncdn.com/i/teamlogos/ncaa/500-dark/87.png']"
195,Ohio,Mid-American,#295A29,#e4bb85,"['http://a.espncdn.com/i/teamlogos/ncaa/500/195.png', 'http://a.espncdn.com/i/teamlogos/ncaa/500-dark/195.png']"
194,Ohio State,Big Ten,#ce1141,#505056,"['http://a.espncdn.com/i/teamlogos/ncaa/500/194.png', 'http://a.espncdn.com/i/teamlogos/ncaa/500-dark/194.png']"
201,Oklahoma,SEC,#a32036,#ffffff,"['http://a.espncdn.com/i/teamlogos/ncaa/500/201.png', 'http://a.espncdn.com/i/teamlogos/ncaa/500-dark/201.png']"
197,Oklahoma State,Big 12,#FF7300,#000000,"['http://a.espncdn.com/i/teamlogos/ncaa/500/197.png', 'http://a.espncdn.com/i/teamlogos/ncaa/500-dark/197.png']"
295,Old Dominion,Sun Belt,#00507d,#a1d2f1,"['http://a.espncdn.com/i/teamlogos/ncaa/500/295.png', 'http://a.espncdn.com/i/teamlogos/ncaa/500-dark/295.png']"
145,Ole Miss,SEC,#13294b,#c8102e,"['http://a.espncdn.com/i/teamlogos/ncaa/500/145.png', 'http://a.espncdn.com/i/teamlogos/ncaa/500-dark/145.png']"
2483,Oregon,Big Ten,#007030,#fee11a,"['http://a.espncdn.com/i/teamlogos/ncaa/500/2483.png', 'http://a.espncdn.com/i/teamlogos/ncaa/500-dark/2483.png']"
204,Oregon State,Pac-12,#231f20,#d73f09,"['http://a.espncdn.com/i/teamlogos/ncaa/500/204.png', 'http://a.espncdn.com/i/teamlogos/ncaa/500-dark/204.png']"
213,Penn State,Big Ten,#041E42,#FFFFFF,"['http://a.espncdn.com/i/teamlogos/ncaa/500/213.png', 'http://a.espncdn.com/i/teamlogos/ncaa/500-dark/213.png']"
221,Pittsburgh,ACC,#003263,#231f20,"['http://a.espncdn.com/i/teamlogos/ncaa/500/221.png', 'http://a.espncdn.com/i/teamlogos/ncaa/500-dark/221.png']"
2509,Purdue,Big Ten,#000000,#ceb888,"['http://a.espncdn.com/i/teamlogos/ncaa/500/2509.png', 'http://a.espncdn.com/i/teamlogos/ncaa/500-dark/2509.png']"
242,Rice,American Athletic,#d1d5d8,#003d7d,"['http://a.espncdn.com/i/teamlogos/ncaa/500/242.png', 'http://a.espncdn.com/i/teamlogos/ncaa/500-dark/242.png']"
164,Rutgers,Big Ten,#d21034,#ffffff,"['http://a.espncdn.com/i/teamlogos/ncaa/500/164.png', 'http://a.espncdn.com/i/teamlogos/ncaa/500-dark/164.png']"
2534,Sam Houston,Conference USA,#fe5000,#000000,"['http://a.espncdn.com/i/teamlogos/ncaa/500/2534.png', 'http://a.espncdn.com/i/teamlogos/ncaa/500-dark/2534.png']"
21,San Diego State,Mountain West,#c41230,#000000,"['http://a.espncdn.com/i/teamlogos/ncaa/500/21.png', 'http://a.espncdn.com/i/teamlogos/ncaa/500-dark/21.png']"
23,San Jos√© State,Mountain West,#005893,#fdba31,"['http://a.espncdn.com/i/teamlogos/ncaa/500/23.png', 'http://a.espncdn.com/i/teamlogos/ncaa/500-dark/23.png']"
2567,SMU,ACC,#354ca1,#cc0035,"['http://a.espncdn.com/i/teamlogos/ncaa/500/2567.png', 'http://a.espncdn.com/i/teamlogos/ncaa/500-dark/2567.png']"
6,South Alabama,Sun Belt,#00205B,#BF0D3E,"['http://a.espncdn.com/i/teamlogos/ncaa/500/6.png', 'http://a.espncdn.com/i/teamlogos/ncaa/500-dark/6.png']"
2579,South Carolina,SEC,#73000a,#ffffff,"['http://a.espncdn.com/i/teamlogos/ncaa/500/2579.png', 'http://a.espncdn.com/i/teamlogos/ncaa/500-dark/2579.png']"
2572,Southern Miss,Sun Belt,#FFAA3C,#ffc423,"['http://a.espncdn.com/i/teamlogos/ncaa/500/2572.png', 'http://a.espncdn.com/i/teamlogos/ncaa/500-dark/2572.png']"
58,South Florida,American Athletic,#004A36,#231f20,"['http://a.espncdn.com/i/teamlogos/ncaa/500/58.png', 'http://a.espncdn.com/i/teamlogos/ncaa/500-dark/58.png']"
24,Stanford,ACC,#8c1515,#ffffff,"['http://a.espncdn.com/i/teamlogos/ncaa/500/24.png', 'http://a.espncdn.com/i/teamlogos/ncaa/500-dark/24.png']"
183,Syracuse,ACC,#ff6500,#000e54,"['http://a.espncdn.com/i/teamlogos/ncaa/500/183.png', 'http://a.espncdn.com/i/teamlogos/ncaa/500-dark/183.png']"
2628,TCU,Big 12,#4d1979,#f1f2f3,"['http://a.espncdn.com/i/teamlogos/ncaa/500/2628.png', 'http://a.espncdn.com/i/teamlogos/ncaa/500-dark/2628.png']"
218,Temple,American Athletic,#A80532,#a7a9ac,"['http://a.espncdn.com/i/teamlogos/ncaa/500/218.png', 'http://a.espncdn.com/i/teamlogos/ncaa/500-dark/218.png']"
2633,Tennessee,SEC,#ff8200,#58595b,"['http://a.espncdn.com/i/teamlogos/ncaa/500/2633.png', 'http://a.espncdn.com/i/teamlogos/ncaa/500-dark/2633.png']"
251,Texas,SEC,#c15d26,#ffffff,"['http://a.espncdn.com/i/teamlogos/ncaa/500/251.png', 'http://a.espncdn.com/i/teamlogos/ncaa/500-dark/251.png']"
245,Texas A&M,SEC,#500000,#ffffff,"['http://a.espncdn.com/i/teamlogos/ncaa/500/245.png', 'http://a.espncdn.com/i/teamlogos/ncaa/500-dark/245.png']"
326,Texas State,Sun Belt,#4e1719,#b4975a,"['http://a.espncdn.com/i/teamlogos/ncaa/500/326.png', 'http://a.espncdn.com/i/teamlogos/ncaa/500-dark/326.png']"
2641,Texas Tech,Big 12,#CC0000,#000000,"['http://a.espncdn.com/i/teamlogos/ncaa/500/2641.png', 'http://a.espncdn.com/i/teamlogos/ncaa/500-dark/2641.png']"
2649,Toledo,Mid-American,#0a2240,#ffcd00,"['http://a.espncdn.com/i/teamlogos/ncaa/500/2649.png', 'http://a.espncdn.com/i/teamlogos/ncaa/500-dark/2649.png']"
2653,Troy,Sun Belt,#AE0210,#88898c,"['http://a.espncdn.com/i/teamlogos/ncaa/500/2653.png', 'http://a.espncdn.com/i/teamlogos/ncaa/500-dark/2653.png']"
2655,Tulane,American Athletic,#006547,#468ac9,"['http://a.espncdn.com/i/teamlogos/ncaa/500/2655.png', 'http://a.espncdn.com/i/teamlogos/ncaa/500-dark/2655.png']"
202,Tulsa,American Athletic,#003595,#d0b787,"['http://a.espncdn.com/i/teamlogos/ncaa/500/202.png', 'http://a.espncdn.com/i/teamlogos/ncaa/500-dark/202.png']"
5,UAB,American Athletic,#003b28,#ffc845,"['http://a.espncdn.com/i/teamlogos/ncaa/500/5.png', 'http://a.espncdn.com/i/teamlogos/ncaa/500-dark/5.png']"
2116,UCF,Big 12,#ba9b37,#000000,"['http://a.espncdn.com/i/teamlogos/ncaa/500/2116.png', 'http://a.espncdn.com/i/teamlogos/ncaa/500-dark/2116.png']"
26,UCLA,Big Ten,#2774ae,#f2a900,"['http://a.espncdn.com/i/teamlogos/ncaa/500/26.png', 'http://a.espncdn.com/i/teamlogos/ncaa/500-dark/26.png']"
41,UConn,FBS Independents,#0c2340,#f1f2f3,"['http://a.espncdn.com/i/teamlogos/ncaa/500/41.png', 'http://a.espncdn.com/i/teamlogos/ncaa/500-dark/41.png']"
2433,UL Monroe,Sun Belt,#231F20,#b18445,"['http://a.espncdn.com/i/teamlogos/ncaa/500/2433.png', 'http://a.espncdn.com/i/teamlogos/ncaa/500-dark/2433.png']"
2439,UNLV,Mountain West,#b10202,#ffffff,"['http://a.espncdn.com/i/teamlogos/ncaa/500/2439.png', 'http://a.espncdn.com/i/teamlogos/ncaa/500-dark/2439.png']"
30,USC,Big Ten,#9e2237,#ffcc00,"['http://a.espncdn.com/i/teamlogos/ncaa/500/30.png', 'http://a.espncdn.com/i/teamlogos/ncaa/500-dark/30.png']"
254,Utah,Big 12,#ea002a,#ffffff,"['http://a.espncdn.com/i/teamlogos/ncaa/500/254.png', 'http://a.espncdn.com/i/teamlogos/ncaa/500-dark/254.png']"
328,Utah State,Mountain West,#00263a,#949ca1,"['http://a.espncdn.com/i/teamlogos/ncaa/500/328.png', 'http://a.espncdn.com/i/teamlogos/ncaa/500-dark/328.png']"
2638,UTEP,Conference USA,#ff8200,#041e42,"['http://a.espncdn.com/i/teamlogos/ncaa/500/2638.png', 'http://a.espncdn.com/i/teamlogos/ncaa/500-dark/2638.png']"
2636,UTSA,American Athletic,#002A5C,#f47321,"['http://a.espncdn.com/i/teamlogos/ncaa/500/2636.png', 'http://a.espncdn.com/i/teamlogos/ncaa/500-dark/2636.png']"
238,Vanderbilt,SEC,#866d4b,#000000,"['http://a.espncdn.com/i/teamlogos/ncaa/500/238.png', 'http://a.espncdn.com/i/teamlogos/ncaa/500-dark/238.png']"
258,Virginia,ACC,#232d4b,#f84c1e,"['http://a.espncdn.com/i/teamlogos/ncaa/500/258.png', 'http://a.espncdn.com/i/teamlogos/ncaa/500-dark/258.png']"
259,Virginia Tech,ACC,#630031,#cf4520,"['http://a.espncdn.com/i/teamlogos/ncaa/500/259.png', 'http://a.espncdn.com/i/teamlogos/ncaa/500-dark/259.png']"
154,Wake Forest,ACC,#9E7E38,#000000,"['http://a.espncdn.com/i/teamlogos/ncaa/500/154.png', 'http://a.espncdn.com/i/teamlogos/ncaa/500-dark/154.png']"
264,Washington,Big Ten,#33006f,#e8d3a2,"['http://a.espncdn.com/i/teamlogos/ncaa/500/264.png', 'http://a.espncdn.com/i/teamlogos/ncaa/500-dark/264.png']"
265,Washington State,Pac-12,#981e32,#ffffff,"['http://a.espncdn.com/i/teamlogos/ncaa/500/265.png', 'http://a.espncdn.com/i/teamlogos/ncaa/500-dark/265.png']"
98,Western Kentucky,Conference USA,#F32026,#b3b5b8,"['http://a.espncdn.com/i/teamlogos/ncaa/500/98.png', 'http://a.espncdn.com/i/teamlogos/ncaa/500-dark/98.png']"
2711,Western Michigan,Mid-American,#532e1f,#8b7f79,"['http://a.espncdn.com/i/teamlogos/ncaa/500/2711.png', 'http://a.espncdn.com/i/teamlogos/ncaa/500-dark/2711.png']"
277,West Virginia,Big 12,#002855,#eaaa00,"['http://a.espncdn.com/i/teamlogos/ncaa/500/277.png', 'http://a.espncdn.com/i/teamlogos/ncaa/500-dark/277.png']"
275,Wisconsin,Big Ten,#c4012f,#ffffff,"['http://a.espncdn.com/i/teamlogos/ncaa/500/275.png', 'http://a.espncdn.com/i/teamlogos/ncaa/500-dark/275.png']"
2751,Wyoming,Mountain West,#492f24,#ffc425,"['http://a.espncdn.com/i/teamlogos/ncaa/500/2751.png', 'http://a.espncdn.com/i/teamlogos/ncaa/500-dark/2751.png']"
